id|first_name|last_name|email|password|active|confirmed_at|
1|Admin||admin|$pbkdf2-sha512$25000$2/v/31ur9b6XsraWco4x5g$bftmzJwiXQrFuqP156L.SwVOCAWLoRpjTwP3PDRfgazm5zG9QIKOgentK1kggHQ8RugH5ENjbClA43g9YA9aTQ|True|1899-12-30 00:00:00|
2|Harry|Brown|harry.brown@example.com|$pbkdf2-sha512$25000$HsM4J.Scs7aWcq4V4hyD8A$xuLviCsRE2MI3tma.L.9WO80FOrTIDBBtOIRvRDMLrlgAMIkirsUvtCur0IF7n4z4xJbvYDx..ydSFJGquWBpg|True|1899-12-30 00:00:00|
3|Amelia|Smith|amelia.smith@example.com|$pbkdf2-sha512$25000$Vurd.19LiVHqfS9lDGFsTQ$I9/rZ/Fjh7quSZ3DhBH6fY9HtmLfK8t/bdTFL5ngG3he/vatm/qyXZbkgjK7v93Wtvgi07vixBEBXln4nDe9mw|True|1899-12-30 00:00:00|
4|Oliver|Patel|oliver.patel@example.com|$pbkdf2-sha512$25000$3bu31nqvdS7lHOOccy4FAA$x4N8bm63qwjBe/8Pi2TP2Jm1Id7o41VQvqd8aq1RGMNQxMefuNbZ.9olWx1xhsj0fiZxIcsFQNz6BI7nlBSe9Q|True|1899-12-30 00:00:00|
5|Jack|Jones|jack.jones@example.com|$pbkdf2-sha512$25000$3bs3xti7F0JICUHo/V/LeQ$hbxlV5gDBfZwBWANjT8zTyIowKlK/Pz3pPwEKnAfq7YaEO0XRzGLEAe7ATCjKDb7WkB03YYPSOfMfhdJ0v4FoQ|True|1899-12-30 00:00:00|
6|Isabella|Williams|isabella.williams@example.com|$pbkdf2-sha512$25000$SYkRgvAeQyhFKKU0xvgfww$hddhGzbpvN.8Ub74fM1k01nr/BhEtjVTRCNSfECTJoAu1kwM2AQpphIj49e3HjjP.DOdd6Zzj.vnRMNvSmKnCg|True|1899-12-30 00:00:00|
7|Charlie|Johnson|charlie.johnson@example.com|$pbkdf2-sha512$25000$1BojZEzpnRPCmFOqldJ6jw$sY8UPDIcxnlVwAmnn8PULPDw2VmLrROIpnWg4IgZCemrODwnbvHbqxlVKwIHzBAS8shhi6ftqTjFPz3D0Ocfvw|True|1899-12-30 00:00:00|
8|Sophie|Taylor|sophie.taylor@example.com|$pbkdf2-sha512$25000$lnIuJaRUCsE4ZyzlXEvpXQ$tcmB1hY1XWMAco9H5gtQLV.OI.pc3PzOHJCEbEM7JqImmgeZPNralg1Ppm4Qs0uvDZ36Rj9juP0UrWjOGNjN.g|True|1899-12-30 00:00:00|
9|Mia|Thomas|mia.thomas@example.com|$pbkdf2-sha512$25000$UypFaI3xHqO0NqY0hvB.7w$5/Pcxws6Da4sLzBwoXvkOx1AAaYfHHgZMEPGi1RtJypZlLsudaLcioBxsftI7UjH2aMW.AoZAtpaGUIlfwGg8Q|True|1899-12-30 00:00:00|
10|Jacob|Roberts|jacob.roberts@example.com|$pbkdf2-sha512$25000$6z1H6B2j1BoD4Nx7j5HyXg$FHqlwLQf3K/e57swi9UUnBVLv5ePY8cLnW4aSMN1ZdWdkbU5uKfAVsMwYflD4bsmRslzqgTpbemQkkK8G63uug|True|1899-12-30 00:00:00|
11|Thomas|Khan|thomas.khan@example.com|$pbkdf2-sha512$25000$ohQipBSCkJJSSqkVYmyNsQ$KzdrR9zbOj5sTHCV3tJgn2ZXcYb/205Ci0h6etSoc7isP3HNjcPkKai5r73cEVA7y2dzYZRC6rcr4qKixtFFHQ|True|1899-12-30 00:00:00|
12|Emily|Lewis|emily.lewis@example.com|$pbkdf2-sha512$25000$8p4zxphzTonR.h.jlNI6Zw$z2tthr2dE5ltVpQ/vyZbisVZGWY6u51QlNpHr8zw3WgW4p4Em5d.3c3lf2x/UYa0JmfUNpju6tLGPXwRxpHx0g|True|1899-12-30 00:00:00|
13|Lily|Jackson|lily.jackson@example.com|$pbkdf2-sha512$25000$27tXSumdMwZASEkpJYSQUg$5n.9XaTHtKx7V9lq1Om8B62pkg8m7SWMHjnYIm3XXbaMxJZ0.oz6WOE/OXo5KkeK5mezFOESdFzBGvewr4mKIQ|True|1899-12-30 00:00:00|
14|Ava|Clarke|ava.clarke@example.com|$pbkdf2-sha512$25000$kJLyHgPAGOMcg9C6977Xeg$RHHSRMSHXkM7NE0Mbv9usc/ZylaT5sos0r4afY5aP6jROmJik8BYp99u1wE0sruCu7YmfebUfVBpU5cwf5J.9A|True|1899-12-30 00:00:00|
15|Isla|James|isla.james@example.com|$pbkdf2-sha512$25000$BsDYGwMAYGzNuZeS0npvLQ$4jmtnAdjMdYWItBRg2pIpAtJyJtwHnWqZdxK90hAjLoLdk3YMO/tSFrb9A.AWf1IyO9bpEsZiQJT4FJTNsWLyA|True|1899-12-30 00:00:00|
16|Alfie|Phillips|alfie.phillips@example.com|$pbkdf2-sha512$25000$q3Wudc7Ze6.11nov5RwjxA$vUatAlKr3z.zjsBm1x1INu0YenH.rCT1tTx5.bvRA4nmwwqcwhmdzbmJ.IbhU8jJVBCX.BCkpLL29EApUfRFnA|True|1899-12-30 00:00:00|
17|Olivia|Wilson|olivia.wilson@example.com|$pbkdf2-sha512$25000$XmutlXLuHQPgvJdy7r2Xcg$EPHwImP9BwoNxW78GZDsl5OcYLNUx9rdohaIS6HqVBvIqLsMcnxNlp9jT8RfSLngkqoOaOTcBkJt2hFRGPBN/g|True|1899-12-30 00:00:00|
18|Jessica|Ali|jessica.ali@example.com|$pbkdf2-sha512$25000$CMHYu7e2ljLmvJeScq41xg$urIBjlCzPiMmSD0Sz2xoDBTqsszr28dsw2S.nPEdCW0JHIj4HrZ4sWmNVbfIXGOV93LUZ/7cVU/t1MO0DubptA|True|1899-12-30 00:00:00|
19|Riley|Mason|riley.mason@example.com|$pbkdf2-sha512$25000$F6KUMoYwZizFGGNM6V2rFQ$S3LTX.7C72mfBbD.fw8zYghWn558dUG9pEizu6y6Y9mHei4FADhc7z7Xg.xaPn.A7ZNEJtvPGz/d0Ztc4blfTQ|True|1899-12-30 00:00:00|
20|William|Mitchell|william.mitchell@example.com|$pbkdf2-sha512$25000$OEdIaY3xHuP8v5fy/j8HAA$4ISmG1M5M3Nw6Xsr8NQ/.R1F91Ruc/wZG9kEPvHto4JqG7HFWqcbMXVf8S97fX3bzOMZGzv8bwokdtz30A1Zwg|True|1899-12-30 00:00:00|
21|James|Rose|james.rose@example.com|$pbkdf2-sha512$25000$XmttLUXIeU.JEYJQ6j1n7A$0ckl9TRmnUrQ57BtvFhWw/j64ysox.W3fG3trhW2G5nyyLjpn.L6x6bHLpljUWeXRNElBqUO2PJRM5RR.rhnEw|True|1899-12-30 00:00:00|
22|Geoffrey|Davis|geoffrey.davis@example.com|$pbkdf2-sha512$25000$SWltLcV4T0kJQShlLIXw3g$gx7SXsaCL/VeLNVvOBOB3wlVDzh0IjLa8wevWPdNSEEthmEQIwFWWsFjsXPLBzH4wdXVYBpKzN1WO1twgtMD7w|True|1899-12-30 00:00:00|
23|Lisa|Davies|lisa.davies@example.com|$pbkdf2-sha512$25000$SymldC4FQGhNyZlzrpUyZg$8dddsR/km32LP3ojcqfK5cdDjJWCNOmbBiy5e9gLyHBtsX3CvpGgPEqlbIUFeEQlEnaEvWLX.bgMDT22c5WYuw|True|1899-12-30 00:00:00|
24|Benjamin|Rodriguez|benjamin.rodriguez@example.com|$pbkdf2-sha512$25000$/79XCsF4b00pBYDwXuvd.w$EOLB9D5wrOEnyUM6Y/0BGpwkxHdBAShspmvupMaoerRcuQbtQ39JbkMsiz6RrNmyghqqFoKke3q2opyFylFrFQ|True|1899-12-30 00:00:00|
25|Stacey|Cox|stacey.cox@example.com|$pbkdf2-sha512$25000$IeT8P4fwvrdWCmGMkTJmDA$kvrhSn6hRXMXv2eZj6Q6sWhbo8gifK9sP.3lqleNkpzmLfCPcVOzAIemlDyV00fTiatyqBhbZmzSrS31nWGyTA|True|1899-12-30 00:00:00|
26|Lucy|Alexander|lucy.alexander@example.com|$pbkdf2-sha512$25000$Y6z1Xus9ByBEKOXcey.ltA$dopxcOkaglB5h6yBXHkgahxP1B.yKh2AhHhgFAoHbVsJST3FVLjNAhEJMmPKHO39bkN0vB8ylPZ85WxlBCLUdQ|True|1899-12-30 00:00:00|
